Emoji,Occurrences,Unicode name,Sentiment
ğŸ˜‚,14622,FACE WITH TEARS OF JOY,Positive
â¤,8050,HEAVY BLACK HEART,Positive
â™¥,7144,BLACK HEART SUIT,Positive
ğŸ˜,6359,SMILING FACE WITH HEART-SHAPED EYES,Positive
ğŸ˜­,5526,LOUDLY CRYING FACE,Negative
ğŸ˜˜,3648,FACE THROWING A KISS,Positive
ğŸ˜Š,3186,SMILING FACE WITH SMILING EYES,Positive
ğŸ‘Œ,2925,OK HAND SIGN,Positive
ğŸ’•,2400,TWO HEARTS,Positive
ğŸ‘,2336,CLAPPING HANDS SIGN,Positive
ğŸ˜,2189,GRINNING FACE WITH SMILING EYES,Positive
â˜º,2062,WHITE SMILING FACE,Positive
â™¡,1975,WHITE HEART SUIT,Positive
ğŸ‘,1854,THUMBS UP SIGN,Positive
ğŸ˜©,1808,WEARY FACE,Negative
ğŸ™,1539,PERSON WITH FOLDED HANDS,Positive
âœŒ,1534,VICTORY HAND,Positive
ğŸ˜,1522,SMIRKING FACE,Neutral
ğŸ˜‰,1521,WINKING FACE,Positive
ğŸ™Œ,1506,PERSON RAISING BOTH HANDS IN CELEBRATION,Positive
ğŸ™ˆ,1456,SEE-NO-EVIL MONKEY,Positive
ğŸ’ª,1409,FLEXED BICEPS,Positive
ğŸ˜„,1398,SMILING FACE WITH OPEN MOUTH AND SMILING EYES,Positive
ğŸ˜’,1385,UNAMUSED FACE,Negative
ğŸ’ƒ,1344,DANCER,Positive
ğŸ’–,1263,SPARKLING HEART,Positive
ğŸ˜ƒ,1206,SMILING FACE WITH OPEN MOUTH,Positive
ğŸ˜”,1205,PENSIVE FACE,Negative
ğŸ˜±,1130,FACE SCREAMING IN FEAR,Positive
ğŸ‰,1125,PARTY POPPER,Positive
ğŸ˜œ,1035,FACE WITH STUCK-OUT TONGUE AND WINKING EYE,Positive
â˜¯,992,YIN YANG,Neutral
ğŸŒ¸,946,CHERRY BLOSSOM,Positive
ğŸ’œ,939,PURPLE HEART,Positive
ğŸ’™,912,BLUE HEART,Positive
âœ¨,848,SPARKLES,Neutral
ğŸ˜³,846,FLUSHED FACE,Positive
ğŸ’—,836,GROWING HEART,Positive
â˜…,828,BLACK STAR,Neutral
â–ˆ,798,FULL BLOCK,Neutral
â˜€,786,BLACK SUN WITH RAYS,Positive
ğŸ˜¡,756,POUTING FACE,Negative
ğŸ˜,754,SMILING FACE WITH SUNGLASSES,Positive
ğŸ˜¢,749,CRYING FACE,Positive
ğŸ’‹,734,KISS MARK,Positive
ğŸ˜‹,734,FACE SAVOURING DELICIOUS FOOD,Positive
ğŸ™Š,725,SPEAK-NO-EVIL MONKEY,Positive
ğŸ˜´,718,SLEEPING FACE,Negative
ğŸ¶,701,MULTIPLE MUSICAL NOTES,Positive
ğŸ’,687,REVOLVING HEARTS,Positive
ğŸ˜Œ,665,RELIEVED FACE,Positive
ğŸ”¥,651,FIRE,Neutral
ğŸ’¯,637,HUNDRED POINTS SYMBOL,Positive
ğŸ”«,604,PISTOL,Negative
ğŸ’›,602,YELLOW HEART,Positive
ğŸ’,549,INFORMATION DESK PERSON,Positive
ğŸ’š,537,GREEN HEART,Positive
â™«,533,BEAMED EIGHTH NOTES,Neutral
ğŸ˜,532,DISAPPOINTED FACE,Negative
ğŸ˜†,527,SMILING FACE WITH OPEN MOUTH AND TIGHTLY-CLOSED EYES,Positive
ğŸ˜,496,FACE WITH STUCK-OUT TONGUE AND TIGHTLY-CLOSED EYES,Positive
ğŸ˜ª,482,SLEEPY FACE,Negative
ï¿½,472,REPLACEMENT CHARACTER,Neutral
ğŸ˜«,467,TIRED FACE,Negative
ğŸ˜…,462,SMILING FACE WITH OPEN MOUTH AND COLD SWEAT,Positive
ğŸ‘Š,458,FISTED HAND SIGN,Positive
ğŸ’€,456,SKULL,Negative
ğŸ˜€,439,GRINNING FACE,Positive
ğŸ˜š,424,KISSING FACE WITH CLOSED EYES,Positive
ğŸ˜»,417,SMILING CAT FACE WITH HEART-SHAPED EYES,Positive
Â©,416,COPYRIGHT SIGN,Neutral
ğŸ‘€,410,EYES,Neutral
ğŸ’˜,395,HEART WITH ARROW,Positive
ğŸ“,384,ROOSTER,Neutral
â˜•,382,HOT BEVERAGE,Neutral
ğŸ‘‹,382,WAVING HAND SIGN,Positive
âœ‹,378,RAISED HAND,Positive
ğŸŠ,363,CONFETTI BALL,Positive
ğŸ•,352,SLICE OF PIZZA,Positive
â„,349,SNOWFLAKE,Positive
ğŸ˜¥,341,DISAPPOINTED BUT RELIEVED FACE,Positive
ğŸ˜•,340,CONFUSED FACE,Negative
ğŸ’¥,329,COLLISION SYMBOL,Neutral
ğŸ’”,328,BROKEN HEART,Negative
ğŸ˜¤,327,FACE WITH LOOK OF TRIUMPH,Negative
ğŸ˜ˆ,325,SMILING FACE WITH HORNS,Positive
â–º,325,BLACK RIGHT-POINTING POINTER,Neutral
âœˆ,322,AIRPLANE,Neutral
ğŸ”,303,TOP WITH UPWARDS ARROW ABOVE,Positive
ğŸ˜°,302,FACE WITH OPEN MOUTH AND COLD SWEAT,Negative
âš½,299,SOCCER BALL,Positive
ğŸ˜‘,299,EXPRESSIONLESS FACE,Negative
ğŸ‘‘,298,CROWN,Positive
ğŸ˜¹,295,CAT FACE WITH TEARS OF JOY,Positive
ğŸ‘‰,292,WHITE RIGHT POINTING BACKHAND INDEX,Neutral
ğŸƒ,291,LEAF FLUTTERING IN WIND,Positive
ğŸ,288,WRAPPED PRESENT,Positive
ğŸ˜ ,288,ANGRY FACE,Negative
ğŸ§,284,PENGUIN,Positive
â˜†,282,WHITE STAR,Neutral
ğŸ€,278,FOUR LEAF CLOVER,Neutral
ğŸˆ,277,BALLOON,Positive
ğŸ…,274,FATHER CHRISTMAS,Neutral
ğŸ˜“,273,FACE WITH COLD SWEAT,Negative
ğŸ˜£,271,PERSEVERING FACE,Negative
ğŸ˜,270,NEUTRAL FACE,Negative
âœŠ,270,RAISED FIST,Positive
ğŸ˜¨,269,FEARFUL FACE,Negative
ğŸ˜–,268,CONFOUNDED FACE,Negative
ğŸ’¤,267,SLEEPING SYMBOL,Positive
ğŸ’“,259,BEATING HEART,Positive
ğŸ‘,258,THUMBS DOWN SIGN,Negative
ğŸ’¦,252,SPLASHING SWEAT SYMBOL,Positive
âœ”,249,HEAVY CHECK MARK,Neutral
ğŸ˜·,246,FACE WITH MEDICAL MASK,Negative
âš¡,246,HIGH VOLTAGE SIGN,Neutral
ğŸ™‹,236,HAPPY PERSON RAISING ONE HAND,Positive
ğŸ„,236,CHRISTMAS TREE,Positive
ğŸ’©,229,PILE OF POO,Negative
ğŸµ,223,MUSICAL NOTE,Positive
â¡,222,BLACK RIGHTWARDS ARROW,Neutral
ğŸ˜›,220,FACE WITH STUCK-OUT TONGUE,Positive
ğŸ˜¬,214,GRIMACING FACE,Positive
ğŸ‘¯,211,WOMAN WITH BUNNY EARS,Positive
ğŸ’,209,GEM STONE,Positive
ğŸŒ¿,208,HERB,Neutral
ğŸ‚,201,BIRTHDAY CAKE,Positive
ğŸŒŸ,199,GLOWING STAR,Neutral
ğŸ”®,199,CRYSTAL BALL,Neutral
â—,198,HEAVY EXCLAMATION MARK SYMBOL,Neutral
ğŸ‘«,197,MAN AND WOMAN HOLDING HANDS,Positive
ğŸ†,194,TROPHY,Positive
âœ–,193,HEAVY MULTIPLICATION X,Neutral
â˜,191,WHITE UP POINTING INDEX,Positive
ğŸ˜™,191,KISSING FACE WITH SMILING EYES,Positive
â›„,191,SNOWMAN WITHOUT SNOW,Positive
ğŸ‘…,190,TONGUE,Positive
â™ª,190,EIGHTH NOTE,Positive
ğŸ‚,189,FALLEN LEAF,Positive
ğŸ’,185,KISS,Positive
ğŸ”ª,183,HOCHO,Neutral
ğŸŒ´,178,PALM TREE,Positive
ğŸ‘ˆ,174,WHITE LEFT POINTING BACKHAND INDEX,Positive
ğŸŒ¹,172,ROSE,Positive
ğŸ™†,171,FACE WITH OK GESTURE,Positive
âœ,170,HEAVY ROUND-TIPPED RIGHTWARDS ARROW,Neutral
ğŸ‘»,168,GHOST,Neutral
ğŸ’°,168,MONEY BAG,Neutral
ğŸ»,165,CLINKING BEER MUGS,Positive
ğŸ™…,165,FACE WITH NO GOOD GESTURE,Negative
ğŸŒ,162,SUN WITH FACE,Positive
ğŸ,161,MAPLE LEAF,Positive
â­,159,WHITE MEDIUM STAR,Positive
â–ª,159,BLACK SMALL SQUARE,Neutral
ğŸ€,156,RIBBON,Positive
â”,156,BOX DRAWINGS HEAVY HORIZONTAL,Neutral
â˜·,154,TRIGRAM FOR EARTH,Neutral
ğŸ·,152,PIG FACE,Neutral
ğŸ™‰,150,HEAR-NO-EVIL MONKEY,Positive
ğŸŒº,150,HIBISCUS,Positive
ğŸ’…,149,NAIL POLISH,Positive
ğŸ¶,148,DOG FACE,Positive
ğŸŒš,148,NEW MOON WITH FACE,Positive
ğŸ‘½,146,EXTRATERRESTRIAL ALIEN,Neutral
ğŸ¤,144,MICROPHONE,Positive
ğŸ‘­,144,TWO WOMEN HOLDING HANDS,Positive
ğŸ§,142,HEADPHONE,Positive
ğŸ‘†,138,WHITE UP POINTING BACKHAND INDEX,Positive
ğŸ¸,138,COCKTAIL GLASS,Positive
ğŸ·,137,WINE GLASS,Neutral
Â®,137,REGISTERED SIGN,Neutral
ğŸ‰,136,WATERMELON,Positive
ğŸ˜‡,135,SMILING FACE WITH HALO,Positive
â˜‘,135,BALLOT BOX WITH CHECK,Neutral
ğŸƒ,135,RUNNER,Positive
ğŸ˜¿,134,CRYING CAT FACE,Negative
â”‚,134,BOX DRAWINGS LIGHT VERTICAL,Neutral
ğŸ’£,131,BOMB,Neutral
ğŸº,131,BEER MUG,Positive
â–¶,131,BLACK RIGHT-POINTING TRIANGLE,Neutral
ğŸ˜²,129,ASTONISHED FACE,Negative
ğŸ¸,125,GUITAR,Positive
ğŸ¹,123,TROPICAL DRINK,Positive
ğŸ’«,121,DIZZY SYMBOL,Positive
ğŸ“š,119,BOOKS,Positive
ğŸ˜¶,117,FACE WITHOUT MOUTH,Negative
ğŸŒ·,116,TULIP,Positive
ğŸ’,115,HEART WITH RIBBON,Positive
ğŸ’¨,115,DASH SYMBOL,Positive
ğŸˆ,114,AMERICAN FOOTBALL,Positive
ğŸ’,112,RING,Positive
â˜”,111,UMBRELLA WITH RAIN DROPS,Positive
ğŸ‘¸,111,PRINCESS,Positive
ğŸ‡ª,109,REGIONAL INDICATOR SYMBOL LETTER E,Positive
â–‘,108,LIGHT SHADE,Neutral
ğŸ©,107,DOUGHNUT,Positive
ğŸ‘¾,105,ALIEN MONSTER,Neutral
â˜,104,CLOUD,Positive
ğŸŒ»,104,SUNFLOWER,Positive
ğŸ˜µ,103,DIZZY FACE,Positive
ğŸ“’,102,LEDGER,Neutral
â†¿,102,UPWARDS HARPOON WITH BARB LEFTWARDS,Positive
ğŸ¯,100,TIGER FACE,Positive
ğŸ‘¼,99,BABY ANGEL,Positive
ğŸ”,98,HAMBURGER,Positive
ğŸ˜¸,97,GRINNING CAT FACE WITH SMILING EYES,Positive
ğŸ‘¶,96,BABY,Positive
â†¾,96,UPWARDS HARPOON WITH BARB RIGHTWARDS,Positive
ğŸ’,95,BOUQUET,Positive
ğŸŒŠ,95,WATER WAVE,Positive
ğŸ¦,95,SOFT ICE CREAM,Positive
ğŸ“,94,STRAWBERRY,Positive
ğŸ‘‡,94,WHITE DOWN POINTING BACKHAND INDEX,Neutral
ğŸ’†,92,FACE MASSAGE,Positive
ğŸ´,92,FORK AND KNIFE,Positive
ğŸ˜§,92,ANGUISHED FACE,Negative
ğŸ‡¸,91,REGIONAL INDICATOR SYMBOL LETTER S,Positive
ğŸ˜®,90,FACE WITH OPEN MOUTH,Positive
â–“,90,DARK SHADE,Neutral
ğŸš«,88,NO ENTRY SIGN,Negative
ğŸ˜½,88,KISSING CAT FACE WITH CLOSED EYES,Positive
ğŸŒˆ,88,RAINBOW,Positive
ğŸ™€,88,WEARY CAT FACE,Positive
âš ,88,WARNING SIGN,Neutral
ğŸ®,86,VIDEO GAME,Positive
â•¯,84,BOX DRAWINGS LIGHT ARC UP AND LEFT,Neutral
ğŸ†,84,AUBERGINE,Positive
ğŸ°,84,SHORTCAKE,Positive
âœ“,84,CHECK MARK,Neutral
ğŸ‘,83,OPEN HANDS SIGN,Negative
ğŸ™‡,83,PERSON BOWING DEEPLY,Positive
ğŸŸ,83,FRENCH FRIES,Positive
ğŸŒ,82,BANANA,Positive
ğŸ’‘,82,COUPLE WITH HEART,Positive
ğŸ‘¬,82,TWO MEN HOLDING HANDS,Negative
ğŸ£,81,HATCHING CHICK,Positive
ğŸƒ,81,JACK-O-LANTERN,Positive
â–¬,81,BLACK RECTANGLE,Neutral
ï¿¼,81,OBJECT REPLACEMENT CHARACTER,Negative
ğŸ˜Ÿ,80,WORRIED FACE,Positive
ğŸ¾,78,PAW PRINTS,Positive
ğŸ“,77,GRADUATION CAP,Positive
ğŸŠ,77,SWIMMER,Positive
ğŸ«,76,CHOCOLATE BAR,Positive
ğŸ“·,76,CAMERA,Positive
ğŸ‘„,75,MOUTH,Positive
ğŸŒ¼,74,BLOSSOM,Positive
ğŸš¶,74,PEDESTRIAN,Neutral
ğŸ±,73,CAT FACE,Positive
â•‘,73,BOX DRAWINGS DOUBLE VERTICAL,Neutral
ğŸ¸,72,FROG FACE,Neutral
ğŸ‡º,71,REGIONAL INDICATOR SYMBOL LETTER U,Positive
ğŸ‘¿,70,IMP,Negative
ğŸš¬,70,SMOKING SYMBOL,Positive
âœ¿,70,BLACK FLORETTE,Neutral
ğŸ“–,68,OPEN BOOK,Positive
ğŸ’,68,MONKEY,Positive
ğŸŒ,68,EARTH GLOBE EUROPE-AFRICA,Positive
â”Š,68,BOX DRAWINGS LIGHT QUADRUPLE DASH VERTICAL,Positive
ğŸ¥,67,FRONT-FACING BABY CHICK,Positive
ğŸŒ€,66,CYCLONE,Neutral
ğŸ¼,66,PANDA FACE,Neutral
ğŸ¥,66,MOVIE CAMERA,Neutral
ğŸ’„,66,LIPSTICK,Positive
ğŸ’¸,66,MONEY WITH WINGS,Positive
â›”,65,NO ENTRY,Positive
â—,65,BLACK CIRCLE,Neutral
ğŸ€,64,BASKETBALL AND HOOP,Positive
ğŸ’‰,64,SYRINGE,Positive
ğŸ’Ÿ,63,HEART DECORATION,Positive
ğŸš—,62,AUTOMOBILE,Neutral
ğŸ˜¯,62,HUSHED FACE,Positive
ğŸ“,62,MEMO,Neutral
â•,62,BOX DRAWINGS DOUBLE HORIZONTAL,Neutral
â™¦,61,BLACK DIAMOND SUIT,Positive
ğŸ’­,60,THOUGHT BALLOON,Neutral
ğŸŒ™,58,CRESCENT MOON,Positive
ğŸŸ,58,FISH,Positive
ğŸ‘£,58,FOOTPRINTS,Positive
â˜,58,WHITE RIGHT POINTING INDEX,Neutral
âœ‚,58,BLACK SCISSORS,Negative
ğŸ—¿,58,MOYAI,Positive
ğŸ,57,SPAGHETTI,Positive
ğŸ‘ª,57,FAMILY,Negative
ğŸ­,57,LOLLIPOP,Positive
ğŸŒƒ,56,NIGHT WITH STARS,Neutral
âŒ,56,CROSS MARK,Positive
ğŸ°,55,RABBIT FACE,Positive
ğŸ’Š,55,PILL,Positive
ğŸš¨,55,POLICE CARS REVOLVING LIGHT,Positive
ğŸ˜¦,54,FROWNING FACE WITH OPEN MOUTH,Negative
ğŸª,54,COOKIE,Positive
ğŸ£,53,SUSHI,Negative
â•­,53,BOX DRAWINGS LIGHT ARC DOWN AND RIGHT,Neutral
âœ§,53,WHITE FOUR POINTED STAR,Neutral
ğŸ†,52,FIREWORKS,Positive
â•®,52,BOX DRAWINGS LIGHT ARC DOWN AND LEFT,Neutral
ğŸ,51,JAPANESE DOLLS,Positive
ğŸ‡©,51,REGIONAL INDICATOR SYMBOL LETTER D,Positive
âœ…,51,WHITE HEAVY CHECK MARK,Positive
ğŸ‘¹,49,JAPANESE OGRE,Neutral
ğŸ“±,49,MOBILE PHONE,Neutral
ğŸ™,49,PERSON FROWNING,Negative
ğŸ‘,49,PEACH,Positive
ğŸ¼,49,MUSICAL SCORE,Neutral
ğŸ”Š,49,SPEAKER WITH THREE SOUND WAVES,Positive
ğŸŒŒ,47,MILKY WAY,Positive
ğŸ,47,RED APPLE,Positive
ğŸ»,47,BEAR FACE,Positive
â”€,47,BOX DRAWINGS LIGHT HORIZONTAL,Neutral
â•°,47,BOX DRAWINGS LIGHT ARC UP AND RIGHT,Neutral
ğŸ’‡,46,HAIRCUT,Positive
â™¬,46,BEAMED SIXTEENTH NOTES,Neutral
â™š,46,BLACK CHESS KING,Neutral
ğŸ”´,45,LARGE RED CIRCLE,Neutral
ğŸ±,45,BENTO BOX,Negative
ğŸŠ,45,TANGERINE,Positive
ğŸ’,45,CHERRIES,Positive
ğŸ­,45,MOUSE FACE,Positive
ğŸ‘Ÿ,45,ATHLETIC SHOE,Positive
ğŸŒ,44,EARTH GLOBE AMERICAS,Positive
ğŸ,44,PINEAPPLE,Positive
ğŸ®,43,COW FACE,Positive
ğŸ“²,43,MOBILE PHONE WITH RIGHTWARDS ARROW AT LEFT,Neutral
â˜¼,43,WHITE SUN WITH RAYS,Neutral
ğŸŒ…,42,SUNRISE,Positive
ğŸ‡·,42,REGIONAL INDICATOR SYMBOL LETTER R,Positive
ğŸ‘ ,42,HIGH-HEELED SHOE,Positive
ğŸŒ½,42,EAR OF MAIZE,Positive
ğŸ’§,41,DROPLET,Negative
â“,41,BLACK QUESTION MARK ORNAMENT,Neutral
ğŸ¬,41,CANDY,Positive
ğŸ˜º,40,SMILING CAT FACE WITH OPEN MOUTH,Positive
ğŸ´,40,HORSE FACE,Neutral
ğŸš€,40,ROCKET,Positive
Â¦,40,BROKEN BAR,Positive
ğŸ’¢,40,ANGER SYMBOL,Neutral
ğŸ¬,40,CLAPPER BOARD,Neutral
ğŸ§,40,SHAVED ICE,Positive
ğŸœ,40,STEAMING BOWL,Positive
ğŸ,40,RAM,Positive
ğŸ˜,40,ELEPHANT,Neutral
ğŸ‘§,40,GIRL,Positive
â €,40,BRAILLE PATTERN BLANK,Neutral
ğŸ„,39,SURFER,Positive
â¤,39,BLACK RIGHTWARDS ARROWHEAD,Neutral
â¬†,39,UPWARDS BLACK ARROW,Neutral
ğŸ‹,38,LEMON,Neutral
ğŸ†—,38,SQUARED OK,Positive
âšª,37,MEDIUM WHITE CIRCLE,Neutral
ğŸ“º,37,TELEVISION,Positive
ğŸ…,37,TOMATO,Positive
â›…,37,SUN BEHIND CLOUD,Positive
ğŸ¢,37,TURTLE,Neutral
ğŸ‘™,37,BIKINI,Positive
ğŸ¡,36,HOUSE WITH GARDEN,Positive
ğŸŒ¾,36,EAR OF RICE,Positive
â—‰,36,FISHEYE,Neutral
âœ,35,PENCIL,Neutral
ğŸ¬,35,DOLPHIN,Positive
ğŸ¤,35,FRIED SHRIMP,Neutral
ğŸ‡¹,35,REGIONAL INDICATOR SYMBOL LETTER T,Positive
â™£,35,BLACK CLUB SUIT,Positive
ğŸ,35,HONEYBEE,Neutral
ğŸŒ,34,FULL MOON WITH FACE,Neutral
ğŸ‡®,34,REGIONAL INDICATOR SYMBOL LETTER I,Positive
ğŸ”‹,34,BATTERY,Negative
ğŸ,34,SNAKE,Positive
â™”,34,WHITE CHESS KING,Positive
ğŸ³,33,COOKING,Positive
ğŸ”µ,33,LARGE BLUE CIRCLE,Positive
ğŸ˜¾,33,POUTING CAT FACE,Negative
ğŸŒ•,33,FULL MOON SYMBOL,Positive
ğŸ¨,33,KOALA,Positive
ğŸ”,33,CLOSED LOCK WITH KEY,Positive
ğŸ’¿,33,OPTICAL DISC,Positive
â,33,EIGHT PETALLED OUTLINED BLACK FLORETTE,Neutral
ğŸŒ³,32,DECIDUOUS TREE,Positive
ğŸ‘°,32,BRIDE WITH VEIL,Positive
â€,32,WHITE FLORETTE,Neutral
âš“,32,ANCHOR,Positive
ğŸš´,32,BICYCLIST,Positive
â–€,32,UPPER HALF BLOCK,Neutral
ğŸ‘—,31,DRESS,Neutral
â•,31,HEAVY PLUS SIGN,Positive
ğŸ’¬,30,SPEECH BALLOON,Positive
â–’,30,MEDIUM SHADE,Neutral
ğŸ”œ,30,SOON WITH RIGHTWARDS ARROW ABOVE,Positive
ğŸ¨,30,ICE CREAM,Positive
ğŸ’²,30,HEAVY DOLLAR SIGN,Neutral
â›½,30,FUEL PUMP,Neutral
ğŸ™,29,RICE BALL,Positive
ğŸ—,29,POULTRY LEG,Positive
ğŸ²,29,POT OF FOOD,Neutral
ğŸ¥,29,FISH CAKE WITH SWIRL DESIGN,Negative
â–¸,29,BLACK RIGHT-POINTING SMALL TRIANGLE,Neutral
â™›,29,BLACK CHESS QUEEN,Neutral
ğŸ˜¼,28,CAT FACE WITH WRY SMILE,Positive
ğŸ™,28,OCTOPUS,Positive
ğŸ‘¨,28,MAN,Positive
ğŸš,28,COOKED RICE,Positive
ğŸ–,28,MEAT ON BONE,Positive
â™¨,28,HOT SPRINGS,Positive
ğŸ¹,28,MUSICAL KEYBOARD,Neutral
â™•,28,WHITE CHESS QUEEN,Neutral
â–ƒ,28,LOWER THREE EIGHTHS BLOCK,Positive
ğŸš˜,27,ONCOMING AUTOMOBILE,Positive
ğŸ,27,GREEN APPLE,Neutral
ğŸ‘©,27,WOMAN,Positive
ğŸ‘¦,27,BOY,Neutral
ğŸ‡¬,27,REGIONAL INDICATOR SYMBOL LETTER G,Neutral
ğŸ‡§,27,REGIONAL INDICATOR SYMBOL LETTER B,Neutral
â˜ ,27,SKULL AND CROSSBONES,Neutral
ğŸ ,26,TROPICAL FISH,Positive
ğŸš¹,26,MENS SYMBOL,Positive
ğŸ’µ,26,BANKNOTE WITH DOLLAR SIGN,Positive
âœ°,26,SHADOWED WHITE STAR,Positive
â• ,26,BOX DRAWINGS DOUBLE VERTICAL AND RIGHT,Neutral
ğŸ‘›,25,PURSE,Positive
ğŸš™,25,RECREATIONAL VEHICLE,Neutral
ğŸŒ±,25,SEEDLING,Positive
ğŸ’»,25,PERSONAL COMPUTER,Neutral
ğŸŒ,25,EARTH GLOBE ASIA-AUSTRALIA,Positive
â–„,25,LOWER HALF BLOCK,Neutral
ğŸ‘“,24,EYEGLASSES,Neutral
â—„,24,BLACK LEFT-POINTING POINTER,Neutral
âš¾,24,BASEBALL,Negative
ğŸŒ²,23,EVERGREEN TREE,Positive
ğŸ‘´,23,OLDER MAN,Positive
ğŸ ,23,HOUSE BUILDING,Positive
ğŸ‡,23,GRAPES,Positive
ğŸ˜,23,RICE CRACKER,Positive
ğŸ›,23,CURRY AND RICE,Positive
ğŸ‡,23,RABBIT,Positive
ğŸ”,23,NO ONE UNDER EIGHTEEN SYMBOL,Neutral
ğŸ‘µ,23,OLDER WOMAN,Positive
â—€,23,BLACK LEFT-POINTING TRIANGLE,Neutral
ğŸ”™,23,BACK WITH LEFTWARDS ARROW ABOVE,Neutral
ğŸŒµ,23,CACTUS,Positive
ğŸ½,22,PIG NOSE,Neutral
ğŸ®,22,CUSTARD,Negative
ğŸ‡,22,FIREWORK SPARKLER,Positive
ğŸ,22,HORSE,Positive
â”,22,HEAVY WIDE-HEADED RIGHTWARDS ARROW,Neutral
ğŸ’¶,22,BANKNOTE WITH EURO SIGN,Neutral
ğŸ¤,22,BABY CHICK,Positive
â•©,22,BOX DRAWINGS DOUBLE UP AND HORIZONTAL,Neutral
ğŸ›€,21,BATH,Positive
ğŸŒ‘,21,NEW MOON SYMBOL,Positive
ğŸš²,21,BICYCLE,Neutral
ğŸ‘,21,SHEEP,Neutral
ğŸ,21,CHEQUERED FLAG,Positive
ğŸ,21,BREAD,Neutral
ğŸ¾,21,TENNIS RACQUET AND BALL,Positive
â•š,21,BOX DRAWINGS DOUBLE UP AND RIGHT,Neutral
ğŸˆ¹,21,SQUARED CJK UNIFIED IDEOGRAPH-5272,Neutral
ğŸ³,20,SPOUTING WHALE,Neutral
ğŸ‘®,20,POLICE OFFICER,Negative
â˜¹,20,WHITE FROWNING FACE,Negative
ğŸµ,20,MONKEY FACE,Positive
âœª,20,CIRCLED WHITE STAR,Neutral
â—•,20,CIRCLE WITH ALL BUT UPPER LEFT QUADRANT BLACK,Neutral
ğŸ—¼,20,TOKYO TOWER,Positive
â–,20,RIGHT HALF BLOCK,Neutral
â™ ,20,BLACK SPADE SUIT,Neutral
â”³,20,BOX DRAWINGS HEAVY DOWN AND HORIZONTAL,Negative
ğŸ‘º,19,JAPANESE GOBLIN,Negative
ğŸš,19,SPIRAL SHELL,Neutral
ğŸ‘‚,19,EAR,Neutral
ğŸ—½,19,STATUE OF LIBERTY,Neutral
ğŸµ,19,TEACUP WITHOUT HANDLE,Positive
ğŸ†’,19,SQUARED COOL,Neutral
ğŸ¯,19,HONEY POT,Positive
ğŸº,19,WOLF FACE,Neutral
â‡¨,19,RIGHTWARDS WHITE ARROW,Positive
â¨,19,HEAVY CONCAVE-POINTED BLACK RIGHTWARDS ARROW,Neutral
ğŸŒ“,19,FIRST QUARTER MOON SYMBOL,Positive
ğŸ”’,19,LOCK,Positive
â•¬,19,BOX DRAWINGS DOUBLE VERTICAL AND HORIZONTAL,Neutral
ğŸ‘³,18,MAN WITH TURBAN,Positive
ğŸŒ‚,18,CLOSED UMBRELLA,Neutral
ğŸšŒ,18,BUS,Neutral
â™©,18,QUARTER NOTE,Positive
ğŸ¡,18,DANGO,Neutral
â¥,18,ROTATED HEAVY BLACK HEART BULLET,Neutral
ğŸ¡,18,FERRIS WHEEL,Neutral
ğŸ’Œ,17,LOVE LETTER,Positive
ğŸ©,17,POODLE,Neutral
ğŸŒœ,17,LAST QUARTER MOON WITH FACE,Positive
âŒš,17,WATCH,Neutral
ğŸš¿,17,SHOWER,Positive
ğŸ–,17,PIG,Neutral
ğŸ”†,17,HIGH BRIGHTNESS SYMBOL,Positive
ğŸŒ›,17,FIRST QUARTER MOON WITH FACE,Positive
ğŸ’‚,17,GUARDSMAN,Negative
ğŸ”,17,CHICKEN,Neutral
ğŸ™,17,PERSON WITH POUTING FACE,Negative
ğŸ©,16,LOVE HOTEL,Positive
ğŸ‡«,16,REGIONAL INDICATOR SYMBOL LETTER F,Positive
ğŸ”¨,16,HAMMER,Negative
ğŸ“¢,16,PUBLIC ADDRESS LOUDSPEAKER,Neutral
ğŸ¦,16,BIRD,Neutral
ğŸ²,16,DRAGON FACE,Neutral
â™»,16,BLACK UNIVERSAL RECYCLING SYMBOL,Positive
ğŸŒ˜,16,WANING CRESCENT MOON SYMBOL,Positive
ğŸ,16,PEAR,Positive
ğŸŒ”,16,WAXING GIBBOUS MOON SYMBOL,Positive
â•¥,16,BOX DRAWINGS DOWN DOUBLE AND HORIZONTAL SINGLE,Positive
âŠ,16,EIGHT TEARDROP-SPOKED PROPELLER ASTERISK,Neutral
ğŸ‘–,15,JEANS,Neutral
ğŸšº,15,WOMENS SYMBOL,Neutral
ğŸ˜—,15,KISSING FACE,Positive
ğŸ­,15,PERFORMING ARTS,Negative
ğŸ„,15,COW,Positive
â—Ÿ,15,LOWER LEFT QUADRANT CIRCULAR ARC,Neutral
ğŸ¢,15,ODEN,Neutral
ğŸ¨,15,ARTIST PALETTE,Neutral
â¬‡,15,DOWNWARDS BLACK ARROW,Positive
ğŸš¼,15,BABY SYMBOL,Positive
â›²,15,FOUNTAIN,Neutral
â–,15,LOWER ONE EIGHTH BLOCK,Neutral
ğŸ‡´,15,REGIONAL INDICATOR SYMBOL LETTER O,Neutral
ğŸŒ—,15,LAST QUARTER MOON SYMBOL,Positive
ğŸŒ–,15,WANING GIBBOUS MOON SYMBOL,Positive
ğŸ”…,15,LOW BRIGHTNESS SYMBOL,Positive
ğŸ‘œ,14,HANDBAG,Neutral
ğŸŒ,14,SNAIL,Positive
ğŸ’¼,14,BRIEFCASE,Positive
ğŸš•,14,TAXI,Neutral
ğŸ¹,14,HAMSTER FACE,Positive
ğŸŒ ,14,SHOOTING STAR,Positive
ğŸˆ,14,CAT,Neutral
â‡§,14,UPWARDS WHITE ARROW,Neutral
â˜,14,BLACK TELEPHONE,Neutral
ğŸŒ,14,FOGGY,Neutral
âš«,14,MEDIUM BLACK CIRCLE,Positive
â™§,14,WHITE CLUB SUIT,Positive
ğŸ°,14,EUROPEAN CASTLE,Neutral
ğŸšµ,14,MOUNTAIN BICYCLIST,Neutral
ğŸ¢,14,ROLLER COASTER,Positive
ğŸ·,14,SAXOPHONE,Positive
ğŸ,14,WIND CHIME,Neutral
â”ˆ,14,BOX DRAWINGS LIGHT QUADRUPLE DASH HORIZONTAL,Negative
â•—,14,BOX DRAWINGS DOUBLE DOWN AND LEFT,Neutral
â•±,14,BOX DRAWINGS LIGHT DIAGONAL UPPER RIGHT TO LOWER LEFT,Neutral
ğŸŒ‡,13,SUNSET OVER BUILDINGS,Positive
â°,13,ALARM CLOCK,Positive
â‡©,13,DOWNWARDS WHITE ARROW,Neutral
ğŸš‚,13,STEAM LOCOMOTIVE,Neutral
â— ,13,UPPER HALF CIRCLE,Positive
ğŸ¿,13,SKI AND SKI BOOT,Positive
âœ¦,13,BLACK FOUR POINTED STAR,Neutral
ğŸ†”,13,SQUARED ID,Positive
â›ª,13,CHURCH,Neutral
ğŸŒ’,13,WAXING CRESCENT MOON SYMBOL,Positive
ğŸª,13,DROMEDARY CAMEL,Positive
â•”,13,BOX DRAWINGS DOUBLE DOWN AND RIGHT,Neutral
â•,13,BOX DRAWINGS DOUBLE UP AND LEFT,Positive
ğŸ‘”,12,NECKTIE,Positive
ğŸ”±,12,TRIDENT EMBLEM,Neutral
ğŸ†“,12,SQUARED FREE,Neutral
ğŸ‹,12,WHALE,Neutral
â–½,12,WHITE DOWN-POINTING TRIANGLE,Positive
â–‚,12,LOWER ONE QUARTER BLOCK,Neutral
ğŸ›,12,BUG,Positive
ğŸ‘•,12,T-SHIRT,Positive
ğŸš‹,12,TRAM CAR,Neutral
ğŸ’³,12,CREDIT CARD,Positive
ğŸŒ†,12,CITYSCAPE AT DUSK,Neutral
ğŸ§,12,AUTOMATED TELLER MACHINE,Positive
ğŸ’¡,12,ELECTRIC LIGHT BULB,Positive
ğŸ”¹,12,SMALL BLUE DIAMOND,Neutral
â¬…,12,LEFTWARDS BLACK ARROW,Positive
ğŸ ,12,ROASTED SWEET POTATO,Negative
ğŸ«,12,BACTRIAN CAMEL,Neutral
ğŸª,12,CONVENIENCE STORE,Neutral
Û©,12,ARABIC PLACE OF SAJDAH,Neutral
ğŸ‡±,12,REGIONAL INDICATOR SYMBOL LETTER L,Neutral
ğŸ“¹,11,VIDEO CAMERA,Positive
ğŸ‘,11,MANS SHOE,Positive
ğŸš‘,11,AMBULANCE,Neutral
ğŸ†˜,11,SQUARED SOS,Positive
ğŸ‘š,11,WOMANS CLOTHES,Positive
ğŸš,11,ONCOMING BUS,Positive
â–¡,11,WHITE SQUARE,Negative
ğŸ‚,11,OX,Neutral
ğŸš£,11,ROWBOAT,Positive
âœ³,11,EIGHT SPOKED ASTERISK,Neutral
ğŸ‰,11,RUGBY FOOTBALL,Positive
ğŸ—»,11,MOUNT FUJI,Positive
ğŸ€,11,RAT,Neutral
â•¦,11,BOX DRAWINGS DOUBLE DOWN AND HORIZONTAL,Neutral
â›º,10,TENT,Positive
ğŸ•,10,DOG,Neutral
ğŸ‚,10,SNOWBOARDER,Positive
ğŸ‘¡,10,WOMANS SANDAL,Positive
ğŸ“»,10,RADIO,Positive
âœ’,10,BLACK NIB,Neutral
ğŸŒ°,10,CHESTNUT,Positive
ğŸ¢,10,OFFICE BUILDING,Neutral
ğŸ’,10,SCHOOL SATCHEL,Positive
âŒ’,10,ARC,Positive
ğŸ«,10,SCHOOL,Negative
ğŸ“´,10,MOBILE PHONE OFF,Positive
ğŸš¢,10,SHIP,Positive
ğŸšš,10,DELIVERY TRUCK,Neutral
ğŸ‰,10,DRAGON,Neutral
â’,10,UPPER RIGHT SHADOWED WHITE SQUARE,Neutral
ğŸŠ,10,CROCODILE,Neutral
ğŸ””,10,BELL,Positive
â—¢,10,BLACK LOWER RIGHT TRIANGLE,Positive
ğŸ¥,9,HOSPITAL,Neutral
â”,9,WHITE QUESTION MARK ORNAMENT,Negative
ğŸš–,9,ONCOMING TAXI,Neutral
ğŸƒ,9,PLAYING CARD BLACK JOKER,Positive
â–¼,9,BLACK DOWN-POINTING TRIANGLE,Neutral
â–Œ,9,LEFT HALF BLOCK,Negative
â˜›,9,BLACK RIGHT POINTING INDEX,Neutral
âœ©,9,STRESS OUTLINED WHITE STAR,Neutral
ğŸ’’,9,WEDDING,Positive
ğŸš¤,9,SPEEDBOAT,Neutral
ğŸ,9,GOAT,Positive
â– ,9,BLACK SQUARE,Negative
ğŸ”š,9,END WITH LEFTWARDS ARROW ABOVE,Positive
ğŸ»,9,VIOLIN,Neutral
ğŸ”·,9,LARGE BLUE DIAMOND,Neutral
ğŸš¦,9,VERTICAL TRAFFIC LIGHT,Neutral
ğŸ”“,9,OPEN LOCK,Positive
ğŸ½,9,RUNNING SHIRT WITH SASH,Positive
ğŸ“…,9,CALENDAR,Positive
ğŸº,9,TRUMPET,Positive
âœ¯,9,PINWHEEL STAR,Neutral
ğŸˆ,9,MELON,Negative
âœ‰,9,ENVELOPE,Neutral
â•£,9,BOX DRAWINGS DOUBLE VERTICAL AND LEFT,Neutral
â—¤,9,BLACK UPPER LEFT TRIANGLE,Positive
â—‹,8,WHITE CIRCLE,Positive
ğŸ¼,8,BABY BOTTLE,Positive
ğŸ“€,8,DVD,Neutral
ğŸš›,8,ARTICULATED LORRY,Neutral
ğŸ““,8,NOTEBOOK,Neutral
â˜‰,8,SUN,Neutral
ğŸ’´,8,BANKNOTE WITH YEN SIGN,Neutral
â”¼,8,BOX DRAWINGS LIGHT VERTICAL AND HORIZONTAL,Neutral
ğŸƒ,8,WATER BUFFALO,Neutral
â°,8,CURLY LOOP,Negative
ğŸ”Œ,8,ELECTRIC PLUG,Negative
ğŸ„,8,MUSHROOM,Neutral
ğŸ“•,8,CLOSED BOOK,Neutral
ğŸ“£,8,CHEERING MEGAPHONE,Positive
ğŸš“,8,POLICE CAR,Neutral
ğŸ—,8,BOAR,Positive
â†ª,8,RIGHTWARDS ARROW WITH HOOK,Neutral
â›³,8,FLAG IN HOLE,Positive
â”»,8,BOX DRAWINGS HEAVY UP AND HORIZONTAL,Negative
â”›,8,BOX DRAWINGS HEAVY UP AND LEFT,Positive
â”ƒ,8,BOX DRAWINGS HEAVY VERTICAL,Neutral
ğŸ‘±,7,PERSON WITH BLOND HAIR,Neutral
â³,7,HOURGLASS WITH FLOWING SAND,Negative
ğŸ’º,7,SEAT,Neutral
ğŸ‡,7,HORSE RACING,Negative
â˜»,7,BLACK SMILING FACE,Neutral
ğŸ“,7,TELEPHONE RECEIVER,Positive
â’¶,7,CIRCLED LATIN CAPITAL LETTER A,Neutral
ğŸŒ‰,7,BRIDGE AT NIGHT,Positive
ğŸš©,7,TRIANGULAR FLAG ON POST,Negative
âœ,7,LOWER RIGHT PENCIL,Positive
ğŸ“ƒ,7,PAGE WITH CURL,Positive
ğŸ¨,7,HOTEL,Neutral
ğŸ“Œ,7,PUSHPIN,Negative
â™,7,LIBRA,Neutral
ğŸ’·,7,BANKNOTE WITH POUND SIGN,Positive
ğŸš„,7,HIGH-SPEED TRAIN,Positive
â–²,7,BLACK UP-POINTING TRIANGLE,Positive
â›µ,7,SAILBOAT,Positive
ğŸ”¸,7,SMALL ORANGE DIAMOND,Neutral
âŒ›,7,HOURGLASS,Positive
ğŸšœ,7,TRACTOR,Positive
ğŸ†,7,LEOPARD,Neutral
ğŸ‘’,7,WOMANS HAT,Neutral
â•,7,WHITE EXCLAMATION MARK ORNAMENT,Neutral
ğŸ”›,7,ON WITH EXCLAMATION MARK WITH LEFT RIGHT ARROW ABOVE,Positive
â™¢,7,WHITE DIAMOND SUIT,Neutral
ğŸ‡²,7,REGIONAL INDICATOR SYMBOL LETTER M,Positive
â…,7,TIGHT TRIFOLIATE SNOWFLAKE,Positive
ğŸ‘,6,POUCH,Positive
âœ,6,SHADOWED WHITE LATIN CROSS,Neutral
â—¡,6,LOWER HALF CIRCLE,Neutral
ğŸ‹,6,TANABATA TREE,Positive
ğŸ‘¥,6,BUSTS IN SILHOUETTE,Positive
ğŸ“µ,6,NO MOBILE PHONES,Neutral
ğŸ¡,6,BLOWFISH,Neutral
â—†,6,BLACK DIAMOND,Positive
ğŸ¯,6,JAPANESE CASTLE,Neutral
â˜‚,6,UMBRELLA,Neutral
ğŸ”­,6,TELESCOPE,Neutral
ğŸª,6,CIRCUS TENT,Neutral
ğŸœ,6,ANT,Positive
â™Œ,6,LEO,Positive
â˜,6,BALLOT BOX,Negative
ğŸ‘·,6,CONSTRUCTION WORKER,Positive
â†³,6,DOWNWARDS ARROW WITH TIP RIGHTWARDS,Neutral
ğŸ”ˆ,6,SPEAKER,Neutral
ğŸ“„,6,PAGE FACING UP,Positive
ğŸ“,6,ROUND PUSHPIN,Neutral
ğŸš,6,MINIBUS,Positive
ğŸš”,6,ONCOMING POLICE CAR,Neutral
ğŸŒ‹,6,VOLCANO,Positive
ğŸ“¡,6,SATELLITE ANTENNA,Positive
â©,6,BLACK RIGHT-POINTING DOUBLE TRIANGLE,Neutral
ğŸš³,6,NO BICYCLES,Positive
âœ˜,6,HEAVY BALLOT X,Positive
Û,6,ARABIC START OF RUB EL HIZB,Neutral
â˜¾,6,LAST QUARTER MOON,Neutral
ğŸ…°,6,NEGATIVE SQUARED LATIN CAPITAL LETTER A,Positive
ğŸ“¥,6,INBOX TRAY,Neutral
ğŸ‡¼,6,REGIONAL INDICATOR SYMBOL LETTER W,Neutral
â”“,6,BOX DRAWINGS HEAVY DOWN AND LEFT,Positive
â”£,6,BOX DRAWINGS HEAVY VERTICAL AND RIGHT,Positive
â“,6,CIRCLED LATIN CAPITAL LETTER L,Neutral
â’º,6,CIRCLED LATIN CAPITAL LETTER E,Neutral
ğŸ”¦,5,ELECTRIC TORCH,Neutral
ğŸ‘¤,5,BUST IN SILHOUETTE,Positive
ğŸš,5,HELICOPTER,Neutral
ğŸ ,5,CAROUSEL HORSE,Positive
ğŸ,5,MOUSE,Neutral
ğŸ“—,5,GREEN BOOK,Neutral
â”,5,BOX DRAWINGS LIGHT DOWN AND LEFT,Negative
â˜®,5,PEACE SYMBOL,Negative
â™‚,5,MALE SIGN,Neutral
â—,5,LOWER RIGHT QUADRANT CIRCULAR ARC,Neutral
ğŸ“¯,5,POSTAL HORN,Neutral
ğŸ”©,5,NUT AND BOLT,Neutral
ğŸ‘¢,5,WOMANS BOOTS,Positive
â—‚,5,BLACK LEFT-POINTING SMALL TRIANGLE,Neutral
ğŸ“°,5,NEWSPAPER,Positive
ğŸ“¶,5,ANTENNA WITH BARS,Neutral
ğŸš¥,5,HORIZONTAL TRAFFIC LIGHT,Neutral
ğŸŒ„,5,SUNRISE OVER MOUNTAINS,Neutral
ğŸ—¾,5,SILHOUETTE OF JAPAN,Neutral
ğŸ”¶,5,LARGE ORANGE DIAMOND,Neutral
ğŸ¤,5,EUROPEAN POST OFFICE,Neutral
ğŸ©,5,TOP HAT,Neutral
â“‚,5,CIRCLED LATIN CAPITAL LETTER M,Positive
ğŸ”§,5,WRENCH,Negative
ğŸ…,5,TIGER,Neutral
â™®,5,MUSIC NATURAL SIGN,Neutral
ğŸ…¾,5,NEGATIVE SQUARED LATIN CAPITAL LETTER O,Negative
ğŸ”„,5,ANTICLOCKWISE DOWNWARDS AND UPWARDS OPEN CIRCLE ARROWS,Neutral
â˜„,5,COMET,Neutral
â˜¨,5,CROSS OF LORRAINE,Neutral
ğŸ“¦,4,PACKAGE,Neutral
ğŸšŠ,4,TRAM,Positive
ğŸ”²,4,BLACK SQUARE BUTTON,Positive
ğŸ”,4,CLOCKWISE RIGHTWARDS AND LEFTWARDS OPEN CIRCLE ARROWS,Neutral
â–³,4,WHITE UP-POINTING TRIANGLE,Neutral
ğŸ“†,4,TEAR-OFF CALENDAR,Positive
â›,4,HEAVY SINGLE TURNED COMMA QUOTATION MARK ORNAMENT,Neutral
ğŸ“‰,4,CHART WITH DOWNWARDS TREND,Neutral
â–µ,4,WHITE UP-POINTING SMALL TRIANGLE,Neutral
ğŸ”,4,RIGHT-POINTING MAGNIFYING GLASS,Positive
â˜œ,4,WHITE LEFT POINTING INDEX,Neutral
ğŸ‡¯,4,REGIONAL INDICATOR SYMBOL LETTER J,Neutral
ğŸ‡µ,4,REGIONAL INDICATOR SYMBOL LETTER P,Neutral
ğŸ“˜,4,BLUE BOOK,Positive
âœ¡,4,STAR OF DAVID,Neutral
â“”,4,CIRCLED LATIN SMALL LETTER E,Positive
ğŸ”‘,4,KEY,Positive
ğŸ”ƒ,4,CLOCKWISE DOWNWARDS AND UPWARDS OPEN CIRCLE ARROWS,Neutral
ğŸ‘ƒ,4,NOSE,Negative
â­•,4,HEAVY LARGE CIRCLE,Neutral
ğŸ”˜,4,RADIO BUTTON,Neutral
â“’,4,CIRCLED LATIN SMALL LETTER C,Negative
ğŸš­,4,NO SMOKING SYMBOL,Positive
ğŸš‰,4,STATION,Positive
ğŸšª,4,DOOR,Positive
â³,4,WHITE-FEATHERED RIGHTWARDS ARROW,Neutral
ğŸšƒ,4,RAILWAY CAR,Positive
â”¯,4,BOX DRAWINGS DOWN LIGHT AND HORIZONTAL HEAVY,Negative
ğŸ¬,4,DEPARTMENT STORE,Neutral
â˜½,4,FIRST QUARTER MOON,Neutral
ğŸ†™,4,SQUARED UP WITH EXCLAMATION MARK,Neutral
ğŸ†–,4,SQUARED NG,Positive
â˜ª,4,STAR AND CRESCENT,Neutral
â”—,4,BOX DRAWINGS HEAVY UP AND RIGHT,Positive
ğŸš®,4,PUT LITTER IN ITS PLACE SYMBOL,Negative
â”«,4,BOX DRAWINGS HEAVY VERTICAL AND LEFT,Neutral
â“„,4,CIRCLED LATIN CAPITAL LETTER O,Neutral
â‡,3,SPARKLE,Positive
âœ´,3,EIGHT POINTED BLACK STAR,Positive
â”Œ,3,BOX DRAWINGS LIGHT DOWN AND RIGHT,Negative
â˜Š,3,ASCENDING NODE,Positive
ğŸ”•,3,BELL WITH CANCELLATION STROKE,Negative
â¬›,3,BLACK LARGE SQUARE,Negative
â,3,HEAVY DOUBLE TURNED COMMA QUOTATION MARK ORNAMENT,Neutral
â,3,HEAVY DOUBLE COMMA QUOTATION MARK ORNAMENT,Neutral
ğŸš,3,MOUNTAIN RAILWAY,Positive
ğŸ¶,3,SAKE BOTTLE AND CUP,Positive
ğŸŒ,3,GLOBE WITH MERIDIANS,Positive
â™€,3,FEMALE SIGN,Neutral
ğŸš…,3,HIGH-SPEED TRAIN WITH BULLET NOSE,Positive
ğŸš’,3,FIRE ENGINE,Neutral
â£,3,THREE-D BOTTOM-LIGHTED RIGHTWARDS ARROWHEAD,Neutral
â™‹,3,CANCER,Neutral
â™,3,VIRGO,Positive
ğŸ•,3,CLOCK FACE TWO-THIRTY,Neutral
â“,3,CIRCLED LATIN SMALL LETTER A,Positive
âœ—,3,BALLOT X,Negative
ğŸ“™,3,ORANGE BOOK,Positive
â“ˆ,3,CIRCLED LATIN CAPITAL LETTER S,Neutral
ğŸ“‹,3,CLIPBOARD,Positive
â‡¢,3,RIGHTWARDS DASHED ARROW,Negative
ğŸ±,3,BILLIARDS,Positive
ğŸ,3,LADY BEETLE,Neutral
ğŸ”º,3,UP-POINTING RED TRIANGLE,Neutral
â“¡,3,CIRCLED LATIN SMALL LETTER R,Positive
ğŸ,3,PINE DECORATION,Neutral
â™¤,3,WHITE SPADE SUIT,Positive
ğŸ²,3,GAME DIE,Neutral
ğŸ¯,3,DIRECT HIT,Positive
ã€ ,3,POSTAL MARK FACE,Neutral
ğŸ”‰,3,SPEAKER WITH ONE SOUND WAVE,Positive
â†©,3,LEFTWARDS ARROW WITH HOOK,Positive
ğŸš¾,3,WATER CLOSET,Neutral
ğŸ£,3,FISHING POLE AND FISH,Negative
ğŸ”£,3,INPUT SYMBOL FOR SYMBOLS,Neutral
â,3,NEGATIVE SQUARED CROSS MARK,Negative
â¥,3,HEAVY BLACK CURVED DOWNWARDS AND RIGHTWARDS ARROW,Neutral
ğŸ…±,3,NEGATIVE SQUARED LATIN CAPITAL LETTER B,Neutral
ğŸŒ,3,CROSSED FLAGS,Positive
â—£,3,BLACK LOWER LEFT TRIANGLE,Neutral
â¬,3,BLACK DOWN-POINTING DOUBLE TRIANGLE,Positive
â™­,3,MUSIC FLAT SIGN,Neutral
ğŸ’ ,3,DIAMOND SHAPE WITH A DOT INSIDE,Neutral
â“,2,CIRCLED LATIN SMALL LETTER O,Positive
ğŸ”³,2,WHITE SQUARE BUTTON,Neutral
ğŸ­,2,FACTORY,Neutral
ğŸ”°,2,JAPANESE SYMBOL FOR BEGINNER,Neutral
ğŸ³,2,BOWLING,Negative
â˜š,2,BLACK LEFT POINTING INDEX,Positive
â½,2,HEAVY WEDGE-TAILED RIGHTWARDS ARROW,Neutral
â«,2,BACK-TILTED SHADOWED WHITE RIGHTWARDS ARROW,Neutral
â–,2,HEAVY MINUS SIGN,Negative
ğŸ®,2,IZAKAYA LANTERN,Neutral
ğŸ“›,2,NAME BADGE,Neutral
ê’°,2,YI RADICAL SHY,Neutral
ê’±,2,YI RADICAL VEP,Neutral
â—,2,UPPER RIGHT QUADRANT CIRCULAR ARC,Negative
ğŸ“‘,2,BOOKMARK TABS,Positive
ğŸ¦,2,CINEMA,Neutral
â“§,2,CIRCLED LATIN SMALL LETTER X,Positive
ğŸ‡¨,2,REGIONAL INDICATOR SYMBOL LETTER C,Neutral
ğŸ‡³,2,REGIONAL INDICATOR SYMBOL LETTER N,Neutral
ğŸ”Ÿ,2,KEYCAP TEN,Positive
ã€“,2,GETA MARK,Positive
â“œ,2,CIRCLED LATIN SMALL LETTER M,Neutral
â ,2,HEAVY DASHED TRIANGLE-HEADED RIGHTWARDS ARROW,Positive
ğŸš†,2,TRAIN,Neutral
ğŸš ,2,MOUNTAIN CABLEWAY,Neutral
â„…,2,CARE OF,Negative
â˜ƒ,2,SNOWMAN,Neutral
ğŸš½,2,TOILET,Positive
ğŸ“,2,TRIANGULAR RULER,Neutral
â“,2,CIRCLED LATIN SMALL LETTER N,Positive
âœ®,2,HEAVY OUTLINED BLACK STAR,Neutral
â‡¦,2,LEFTWARDS WHITE ARROW,Positive
ğŸ‘²,2,MAN WITH GUA PI MAO,Neutral
ğŸš¡,2,AERIAL TRAMWAY,Negative
ğŸ‘,2,MOON VIEWING CEREMONY,Neutral
ğŸ”¬,2,MICROSCOPE,Positive
â—,2,HEAVY DIVISION SIGN,Negative
ğŸ“ˆ,2,CHART WITH UPWARDS TREND,Neutral
âŒ˜,2,PLACE OF INTEREST SIGN,Neutral
âª,2,BLACK LEFT-POINTING DOUBLE TRIANGLE,Neutral
â•¹,2,BOX DRAWINGS HEAVY UP,Neutral
â—,2,BULLSEYE,Positive
ğŸ”¼,2,UP-POINTING SMALL RED TRIANGLE,Neutral
ê’¦,2,YI RADICAL GGUO,Negative
ğŸ“,2,PAPERCLIP,Positive
â‘…,2,OCR BOW TIE,Positive
â,2,APL FUNCTIONAL SYMBOL UP SHOE JOT,Neutral
ğŸ“,2,FILE FOLDER,Neutral
âœ­,2,OUTLINED BLACK STAR,Positive
â²,2,CIRCLED HEAVY WHITE RIGHTWARDS ARROW,Neutral
â™“,2,PISCES,Neutral
â”,2,BOX DRAWINGS HEAVY DOWN AND RIGHT,Positive
â˜‡,2,LIGHTNING,Positive
â™º,2,RECYCLING SYMBOL FOR GENERIC MATERIALS,Neutral
â™,2,BLACK CHESS KNIGHT,Neutral
à¿,2,TIBETAN SIGN RDEL NAG RDEL DKAR,Negative
ğŸ“ ,2,FAX MACHINE,Neutral
ğŸ‘˜,2,KIMONO,Positive
â†™,2,SOUTH WEST ARROW,Positive
â’»,2,CIRCLED LATIN CAPITAL LETTER F,Neutral
â“Œ,2,CIRCLED LATIN CAPITAL LETTER W,Neutral
â“…,2,CIRCLED LATIN CAPITAL LETTER P,Neutral
ğŸ•‘,2,CLOCK FACE TWO OCLOCK,Neutral
ğŸ’½,1,MINIDISC,Neutral
ğŸ•›,1,CLOCK FACE TWELVE OCLOCK,Positive
ğŸ«,1,TICKET,Neutral
â™ˆ,1,ARIES,Negative
ğŸ“Ÿ,1,PAGER,Neutral
â„ƒ,1,DEGREE CELSIUS,Neutral
â†¬,1,RIGHTWARDS ARROW WITH LOOP,Positive
ğŸ•’,1,CLOCK FACE THREE OCLOCK,Neutral
ğŸ‡°,1,REGIONAL INDICATOR SYMBOL LETTER K,Neutral
â†±,1,UPWARDS ARROW WITH TIP RIGHTWARDS,Neutral
âœ,1,WRITING HAND,Positive
â‡,1,LEFTWARDS DOUBLE ARROW,Neutral
ğŸ¦,1,BANK,Positive
ğŸ”»,1,DOWN-POINTING RED TRIANGLE,Positive
â“Ÿ,1,CIRCLED LATIN SMALL LETTER P,Positive
â“•,1,CIRCLED LATIN SMALL LETTER F,Positive
â“˜,1,CIRCLED LATIN SMALL LETTER I,Positive
â™¿,1,WHEELCHAIR SYMBOL,Positive
â‡—,1,NORTH EAST DOUBLE ARROW,Positive
â‡˜,1,SOUTH EAST DOUBLE ARROW,Positive
â“¨,1,CIRCLED LATIN SMALL LETTER Y,Positive
â“™,1,CIRCLED LATIN SMALL LETTER J,Positive
â–«,1,WHITE SMALL SQUARE,Positive
ğŸ”‡,1,SPEAKER WITH CANCELLATION STROKE,Positive
âŒƒ,1,UP ARROWHEAD,Negative
ğŸ”–,1,BOOKMARK,Positive
ğŸ“œ,1,SCROLL,Positive
â™,1,SCORPIUS,Neutral
ğŸš,1,MONORAIL,Positive
â˜¢,1,RADIOACTIVE SIGN,Neutral
ğŸ,1,CARP STREAMER,Neutral
â”˜,1,BOX DRAWINGS LIGHT UP AND LEFT,Negative
âœ,1,LATIN CROSS,Negative
â–,1,BLACK DIAMOND MINUS WHITE X,Neutral
â£,1,APL FUNCTIONAL SYMBOL STAR DIAERESIS,Negative
ğŸ“®,1,POSTBOX,Negative
ğŸ••,1,CLOCK FACE SIX OCLOCK,Negative
ğŸ‡­,1,REGIONAL INDICATOR SYMBOL LETTER H,Neutral
â—œ,1,UPPER LEFT QUADRANT CIRCULAR ARC,Neutral
ğŸ”¯,1,SIX POINTED STAR WITH MIDDLE DOT,Positive
â¸,1,HEAVY BLACK-FEATHERED RIGHTWARDS ARROW,Positive
ê’µ,1,YI RADICAL JJY,Positive
ğŸ•¥,1,CLOCK FACE TEN-THIRTY,Negative
â™™,1,WHITE CHESS PAWN,Neutral
â–¿,1,WHITE DOWN-POINTING SMALL TRIANGLE,Neutral
âšƒ,1,DIE FACE-4,Neutral
âœ½,1,HEAVY TEARDROP-SPOKED ASTERISK,Positive
ğŸ“¼,1,VIDEOCASSETTE,Positive
ğŸ•,1,CLOCK FACE ONE OCLOCK,Negative
ğŸ€„,1,MAHJONG TILE RED DRAGON,Positive
âœ¾,1,SIX PETALLED BLACK AND WHITE FLORETTE,Neutral
âœ¬,1,BLACK CENTRE WHITE STAR,Positive
ğŸ†‘,1,SQUARED CL,Neutral
âœ«,1,OPEN CENTRE BLACK STAR,Positive
ğŸ•”,1,CLOCK FACE FIVE OCLOCK,Negative
â£,1,HEAVY HEART EXCLAMATION MARK ORNAMENT,Positive
â±,1,NOTCHED UPPER RIGHT-SHADOWED WHITE RIGHTWARDS ARROW,Neutral
ğŸ†•,1,SQUARED NEW,Neutral
â¢,1,THREE-D TOP-LIGHTED RIGHTWARDS ARROWHEAD,Neutral
â†•,1,UP DOWN ARROW,Neutral
ğŸ“«,1,CLOSED MAILBOX WITH RAISED FLAG,Positive
ğŸ‰,1,CIRCLED IDEOGRAPH ADVANTAGE,Positive
â™Š,1,GEMINI,Neutral
ğŸˆ‚,1,SQUARED KATAKANA SA,Negative
ğŸ°,1,SLOT MACHINE,Negative
Ò‚,1,CYRILLIC THOUSANDS SIGN,Negative
â•¤,1,BOX DRAWINGS DOWN SINGLE AND HORIZONTAL DOUBLE,Negative
â›,1,DRAFTING POINT RIGHTWARDS ARROW,Neutral
â™,1,BLACK CHESS BISHOP,Neutral
â‹,1,HEAVY EIGHT TEARDROP-SPOKED PROPELLER ASTERISK,Neutral
âœ†,1,TELEPHONE LOCATION SIGN,Neutral
ğŸ“”,1,NOTEBOOK WITH DECORATIVE COVER,Positive
